<sitemap>
    <section>
        <name>Software</name>
        <page>index.html</page>
        <page>news.html</page>
        <page>changes.html</page>
        <page>versioning.html</page>
    </section>
    <section>
        <name>Evaluating XStream</name>
        <page>tutorial.html</page>
        <page>graphs.html</page>
        <page>manual-tweaking-output.html</page>
        <page>license.html</page>
        <page>download.html</page>
    </section>
    <section>
        <name>Using XStream</name>
        <page>architecture.html</page>
        <page>converters.html</page>
        <page>faq.html</page>
        <page>list-user.html</page>
        <link title="JavaDoc">javadoc/index.html</link>
        <link title="Reporting Issues">http://jira.codehaus.org/browse/XSTR</link>
    </section>
    <section>
        <name>Tutorials</name>
        <page>tutorial.html</page>
        <page>converter-tutorial.html</page>
        <page>objectstream.html</page>
        <page>alias-tutorial.html</page>
        <page>persistence-tutorial.html</page>
        <page>annotations-tutorial.html</page>
    </section>
    <section>
        <name>Developing XStream</name>
        <page>how-to-contribute.html</page>
        <page>list-dev.html</page>
        <page>team.html</page>
        <page>repository.html</page>
    </section>
</sitemap>