<assembly>
	<id>bin</id>
	<formats>
		<format>zip</format>
	</formats>
	<fileSets>
		<fileSet>
			<directory>..</directory>
			<outputDirectory>/</outputDirectory>
			<includes>
				<include>LICENSE.txt</include>
				<include>README.txt</include>
			</includes>
		</fileSet>
		<fileSet>
			<directory>../xstream/lib</directory>
			<outputDirectory>/lib</outputDirectory>
			<includes>
				<include>*license.txt</include>
			</includes>
		</fileSet>
		<fileSet>
			<directory>../xstream/lib/jdk1.3</directory>
			<outputDirectory>/lib/jdk1.3</outputDirectory>
		</fileSet>
		<fileSet>
			<directory>target/docs</directory>
			<outputDirectory>docs</outputDirectory>
		</fileSet>
	</fileSets>
	<dependencySets>
		<dependencySet>
			<outputDirectory>/lib</outputDirectory>
			<unpack>false</unpack>
			<scope>runtime</scope>
		</dependencySet>
	</dependencySets>
</assembly>